date;id_station;id_network;type;latitude;longitude;altitude;country;area_adm_1;area_adm_2;area_adm_3;name;value;value_max
15/06/17 03:00;SI1001;Eurdep;air;45.94;15.51;154.1;Slovenia;Krško;Municipality of Krško;Vrbina;Krsko-NEK-URSJV;7.5;8
15/06/17 03:00;SI1003;Eurdep;air;46.09;14.6;279.0;Slovenia;Ljubljana;Municipality of Dol pri Ljubljani;Brinje;Ljubljana-Brinje-IJS;9.1;10
15/06/17 03:00;SI1004;Eurdep;air;46.09;14.59;279.1;Slovenia;Ljubljana;Ljubljana;Liubliana;Ljubljana-Brinje-URSJV;9.9;11
15/06/17 03:00;SI0002;Eurdep;air;46.09;14.59;279.1;Slovenia;Ljubljana;Ljubljana;Liubliana;Brinje;11.7;13
15/06/17 03:00;SI0003;Eurdep;air;46.22;14.47;366.0;Slovenia;Kranj;Municipality of Cerklje na Gorenjskem;Spodnji Brnik;Brnik;11.5;15
15/06/17 03:00;SI0004;Eurdep;air;46.23;15.26;201.7;Slovenia;Celje;Celje;Celje;Celje;9.1;9
15/06/17 03:00;SI0005;Eurdep;air;45.87;13.9;83.0;Slovenia;Administrative unit Ajdovščina;Municipality of Ajdovščina;Ustje;Dolenje;8.4;9
15/06/17 03:00;SI0006;Eurdep;air;46.06;14.34;344.0;Slovenia;Ljubljana;Municipality of Dobrova–Polhov Gradec;Dolenja Vas pri Polhovem Gradcu;Dvor;9.6;10
15/06/17 03:00;SI0007;Eurdep;air;46.62;15.68;282.4;Slovenia;Pesnica;Municipality of Pesnica;Pesnica pri Mariboru;Gacnik;11.7;12
15/06/17 03:00;SI0008;Eurdep;air;46.68;16.0;0.0;Slovenia;0;0;0;Gornja Radgona;10.0;10
15/06/17 03:00;SI0009;Eurdep;air;46.07;14.55;292.0;Slovenia;Ljubljana;Ljubljana;Liubliana;Hrastje;7.6;8
15/06/17 03:00;SI0010;Eurdep;air;46.14;15.08;327.3;Slovenia;Municipality of Hrastnik;Municipality of Hrastnik;Hrastnik;Hrastnik;9.0;10
15/06/17 03:00;SI0040;Eurdep;air;45.55;14.24;429.0;Slovenia;Ilirska Bistrica;Municipality of Ilirska Bistrica;Koseze;Ilirska Bistrica;11.6;12
15/06/17 03:00;SI0011;Eurdep;air;45.94;14.51;322.9;Slovenia;Ljubljana;Municipality of Ig;Iška Vas;Iska vas;9.0;9
15/06/17 03:00;SI0012;Eurdep;air;45.86;15.69;151.1;Slovenia;Brežice;Municipality of Brežice;Jesenice;Jesenice na Dolenjskem;7.6;8
15/06/17 03:00;SI0013;Eurdep;air;46.22;14.61;370.0;Slovenia;Kamnik;Municipality of Kamnik;Kamnik;Kamnik;7.9;8
15/06/17 03:00;SI0014;Eurdep;air;45.56;13.74;1.0;Slovenia;Koper;Municipality of Ankaran;Ankaran;Koper;10.0;10
15/06/17 03:00;SI0015;Eurdep;air;46.55;16.46;156.0;Slovenia;Lendava;Municipality of Lendava;Trimlini;Lendava;9.7;10
15/06/17 03:00;SI0016;Eurdep;air;46.24;15.22;239.5;Slovenia;Žalec;Municipality of Žalec;Levec;Levec;10.8;12
15/06/17 03:00;SI0017;Eurdep;air;46.3;15.49;298.3;Slovenia;Slovenske Konjice;Municipality of Slovenske Konjice;Loče;Loce;10.1;11
15/06/17 03:00;SI0018;Eurdep;air;45.95;15.2;294.3;Slovenia;Sevnica;Municipality of Sevnica;Malkovec;Malkovec;10.7;11
15/06/17 03:00;SI0019;Eurdep;air;46.56;15.65;268.9;Slovenia;Administrative unit Maribor;Maribor;Máribor;Maribor-Center;8.2;8
15/06/17 03:00;SI0020;Eurdep;air;46.48;15.68;263.0;Slovenia;Administrative unit Maribor;Municipality of Hoče - Slivnica;Orehova vas;Maribor-Slivnica;9.6;10
15/06/17 03:00;SI0022;Eurdep;air;46.61;15.16;340.1;Slovenia;Radlje ob Dravi;Municipality of Muta;Muta;Muta;9.9;10
15/06/17 03:00;SI0024;Eurdep;air;45.96;13.65;98.0;Slovenia;Nova Gorica;Municipality of Nova Gorica;Nova Gorica;Nova Gorica;10.1;11
15/06/17 03:00;SI0025;Eurdep;air;45.86;15.46;210.5;Slovenia;Krško;Municipality of Krško;Žabjek v Podbočju;Podbocje;9.4;10
15/06/17 03:00;SI0026;Eurdep;air;46.15;15.61;256.8;Slovenia;Krapina-zagorje;Općina Zagorska Sela;Bratkovec;Podcetrtek;11.0;13
15/06/17 03:00;SI0028;Eurdep;air;46.42;15.85;221.0;Slovenia;Ptuj;City Municipality of Ptuj;Ptuj;Ptuj;11.8;13
15/06/17 03:00;SI0029;Eurdep;air;46.64;16.05;198.0;Slovenia;Gornja Radgona;Municipality of Radenci;Radenci;Radenci;8.9;9
15/06/17 03:00;SI0030;Eurdep;air;46.45;15.33;1441.1;Slovenia;Slovenske Konjice;Municipality of Zreče;Rogla;Rogla;10.1;10
15/06/17 03:00;SI0031;Eurdep;air;46.35;13.92;1381.0;Slovenia;Radovljica;Municipality of Bohinj;Srednja Vas v Bohinju;Rudno polje;11.5;14
15/06/17 03:00;SI0033;Eurdep;air;46.16;14.33;349.1;Slovenia;Škofja Loka;Municipality of Škofja Loka;Hosta;Suha;9.8;11
15/06/17 03:00;SI0039;Eurdep;air;46.08;14.16;483.1;Slovenia;Škofja Loka;Municipality of Gorenja Vas-Poljane;Žirovski Vrh Svetega Urbana;Todraz;12.7;14
15/06/17 03:00;SI0034;Eurdep;air;46.14;15.04;297.4;Slovenia;Trbovlje;Trbovlje;Trbovlje;Trbovlje;7.3;8
15/06/17 03:00;SI0035;Eurdep;air;46.13;15.0;0.0;Slovenia;0;0;0;Zagorje;7.8;9
15/06/17 03:00;SI2001;Eurdep;air;46.33;13.55;435.5;Slovenia;Tolmin;Municipality of Bovec;Bovec;Bovec;9.6;14
15/06/17 03:00;SI2002;Eurdep;air;45.56;15.15;145.0;Slovenia;Črnomelj;Municipality of Črnomelj;Jerneja Vas;Doblice;15.0;16
15/06/17 03:00;SI2003;Eurdep;air;45.56;14.86;521.9;Slovenia;Administrative unit Kočevje;Municipality of Kočevje;Novi Lazi;Kocevje;15.9;18
15/06/17 03:00;SI2004;Eurdep;air;46.38;13.85;2519.0;Slovenia;Jesenice;Municipality of Kranjska Gora;Mojstrana;Kredarica;14.0;17
15/06/17 03:00;SI2005;Eurdep;air;46.3;14.53;1662.5;Slovenia;Kranj;Municipality of Cerklje na Gorenjskem;Ambrož pod Krvavcem;Krvavec;11.7;13
15/06/17 03:00;SI2006;Eurdep;air;46.36;14.17;503.4;Slovenia;Radovljica;Municipality of Radovljica;Hlebce;Lesce;10.5;15
15/06/17 03:00;SI2007;Eurdep;air;46.07;15.28;787.0;Slovenia;Laško;Municipality of Laško;Polana;Lisca;9.8;10
15/06/17 03:00;SI2008;Eurdep;air;46.07;14.51;301.2;Slovenia;Ljubljana;Ljubljana;Liubliana;Ljubljana-Bezigrad;12.2;13
15/06/17 03:00;SI2009;Eurdep;air;46.54;15.64;277.3;Slovenia;Administrative unit Maribor;Maribor;Máribor;Maribor-Tabor;11.7;12
15/06/17 03:00;SI2010;Eurdep;air;46.65;16.19;186.0;Slovenia;Murska Sobota;City Municipality of Murska Sobota;Rakičan;Rakican;10.6;12
15/06/17 03:00;SI2011;Eurdep;air;45.9;13.62;52.3;Slovenia;Nova Gorica;Municipality of Miren - Kostanjevica;Orehovlje;Bilje;7.4;8
15/06/17 03:00;SI2012;Eurdep;air;45.8;15.18;187.7;Slovenia;Novo mesto;Novo Mesto;Novo Mesto;Novo mesto;9.0;10
15/06/17 03:00;SI2013;Eurdep;air;45.48;13.62;4.0;Slovenia;Piran;Municipality of Piran;Parecag;Secovlje;8.8;9
15/06/17 03:00;SI2014;Eurdep;air;45.77;14.19;525.4;Slovenia;Postojna;Municipality of Postojna;Postoina;Postojna;12.1;13
15/06/17 03:00;SI2015;Eurdep;air;46.5;13.71;923.7;Slovenia;Jesenice;Municipality of Kranjska Gora;Rateče;Ratece;12.7;14
15/06/17 03:00;SI2017;Eurdep;air;46.49;15.11;443.0;Slovenia;Slovenj Gradec;Municipality of Slovenj Gradec;Šmartno pri Slovenj Gradcu;Slovenj Gradec;13.2;13
15/06/17 03:00;SI2018;Eurdep;air;46.36;15.11;385.0;Slovenia;Velenje;City Municipality of Velenje;Velenje;Velenje;10.8;11
15/06/17 03:00;SI4001;Eurdep;air;46.05;14.67;584.2;Slovenia;Ljubljana;Ljubljana;Vnajnarje;Vnajnarje;13.5;14
15/06/17 03:00;SI3005;Eurdep;air;45.92;15.5;154.6;Slovenia;Krško;Municipality of Krško;Brege;Brege;9.9;10
15/06/17 03:00;SI3006;Eurdep;air;45.93;15.57;150.0;Slovenia;Brežice;Municipality of Brežice;Gornji Lenart;Gornji Lenart;11.9;12
15/06/17 03:00;SI3007;Eurdep;air;45.94;15.47;204.8;Slovenia;Krško;Municipality of Krško;Leskovec pri Krškem;Leskovec;10.8;12
15/06/17 03:00;SI3008;Eurdep;air;45.95;15.51;167.9;Slovenia;Krško;Municipality of Krško;Krško;Libna;7.9;8
15/06/17 03:00;SI3009;Eurdep;air;45.96;15.5;201.4;Slovenia;Krško;Municipality of Krško;Krško;Krsko;9.9;10
15/06/17 03:00;SI3010;Eurdep;air;45.94;15.55;150.0;Slovenia;Krško;Municipality of Krško;Pesje;Pesje;10.3;11
15/06/17 03:00;SI3011;Eurdep;air;45.91;15.55;149.3;Slovenia;Brežice;Municipality of Brežice;Gorenje Skopice;Skopice;10.9;11
15/06/17 03:00;SI3012;Eurdep;air;45.94;15.53;149.0;Slovenia;Krško;Municipality of Krško;Spodnji Stari Grad;Spodnji Stari Grad;10.2;11
15/06/17 03:00;SI3013;Eurdep;air;45.91;15.52;155.1;Slovenia;Krško;Municipality of Krško;Mrtvice;Vihre;9.6;10
15/06/17 03:00;SI3001;Eurdep;air;45.91;15.6;158.0;Slovenia;Brežice;Municipality of Brežice;Brežice;Brezice;8.7;9
15/06/17 03:00;SI3002;Eurdep;air;45.88;15.52;142.8;Slovenia;;Municipality of Brežice;;Cerklje;8.7;9
15/06/17 03:00;SI3003;Eurdep;air;45.95;15.5;156.0;Slovenia;Krško;Municipality of Krško;Krško;Krsko-Videm;7.0;8
15/06/17 03:00;SI3004;Eurdep;air;45.94;15.51;154.1;Slovenia;Krško;Municipality of Krško;Vrbina;Krsko-NEK;8.4;8
15/06/17 03:00;SI4018;Eurdep;air;45.99;15.48;306.1;Slovenia;Krško;Municipality of Krško;Sremič;Brestanica-Sv.Mohor;7.3;8
15/06/17 03:00;SI4006;Eurdep;air;46.38;15.05;362.3;Slovenia;Velenje;Municipality of Šoštanj;Šoštanj;Sostanj;11.4;12
15/06/17 03:00;SI4015;Eurdep;air;46.14;15.05;373.6;Slovenia;Trbovlje;Trbovlje;Trbovlje;Lakonca;6.4;7
15/06/17 03:00;SI4016;Eurdep;air;46.14;15.07;381.7;Slovenia;Municipality of Hrastnik;Municipality of Hrastnik;Prapretno pri Hrastniku - del;Prapretno;9.6;10
15/06/17 03:00;SI1007;Eurdep;air;46.04;14.49;292.2;Slovenia;Ljubljana;Ljubljana;Liubliana;Ljubljana-Vic;10.6;11
15/06/17 03:00;SI0042;Eurdep;air;46.84;16.03;302.6;Slovenia;;;;Krajinski park Goricko;10.9;11
15/06/17 03:00;SI0043;Eurdep;air;45.66;13.99;381.4;Slovenia;Sežana;Municipality of Divača;Naklo;Park Skocjanske jame;9.7;10
15/06/17 03:00;SI0041;Eurdep;air;46.55;14.94;408.7;Slovenia;Ravne na Koroškem;Municipality of Prevalje;Stražišče;Ravne na Koroskem;10.1;12
